XMLType,DigitalCollectionsURLs,UMDM,UMAM,Identifier,DigitizationNotes,DigitizedByDept,DigitizedByPers,DateDigitizedOld,PlaybackDevice,AnalogInterface,DigitizationSoftware,Title,AlternateTitle,Creator,CreatorType,Contributor,ContributorType,Provider/Publisher,Provider/PublisherType,Description/Summary,Credits,FedoraCollection,DateAttribute,DateCreated,OriginalBroadcastDate,Century,Language,Accession,Series,Subseries,Box,Item,ArchivalCollection,Department,CopyrightHolder,RepositoryBrowse,RecordingNotes,Mono/Stereo,TrackFormat,MediaType,FormType,Form,Format,Dimensions,PlaybackSpeed,Continent,Country,Region/State,Settlement/City,Sound,FrameRate,ImageResolution (PPI),AspectRatio,TimeStart (timecode),ChannelConfiguration,Color,PreservationNote/PhysicalNote,QANotes,Finished,TopicalSubject,TopicalScheme,GeographicalSubject,GeographicalScheme,CorpSubject,CorpScheme,PersonalSubject,PersonalScheme,SharestreamURLs,FileName,DurationMasters,DurationDerivatives,DataRate,HorizontalPixels,VerticalPixels,VideoStandard,ScanSignal,newid,DateDigitized,Rights
UMDM,,UMDM,,31430004223188,,,,,,,,Handling marital conflicts,,,,,,,,"Contrasts the development of an argument between each of two couples, showing how a similar disagreement develops into a constructive argument for one couple and a destructive conflict for the other. Outlines comparative elements of constructive and destructive marital conflicts. This film has been digitized because it has a high level
	

foobar glah blsh of Vinegar Syndrome (chemical deterioration). That condition will prevent any captured images from being 100% perfect. Our goal is to present the content of the film in a digital format that is as good and the least distracting as possible.",,Films@UM,,1964,,1901-2000,,,,,,,,Nonprint Media Services,,,,,,moving image,analog,Nonfiction film,16mm,,,,,,,optical,,,,,,Black and white,Vinegar Syndrome,Viewed. Missing 2 sec blank/black/color bars at beginning & end.  Scratches/abrasions/sparkles are probably native artifacts. Sound: Ambient hiss throughout. LS // temporal outlier pixels are inherent to film (ESC),,,,,,,,,,,,,,,,,,,31430004223188,,Access restricted to patrons at the University of Maryland.
UMAM,,,UMAM,31430004223188,Average - SLIGHTLY SHRUNK,Crawford,dc,12/12/14,,,,,,,,,,,,,,,,,,,,,,,,,,,,,,,,,,,,,,,,,,,,,,,,,,,,,,,,,,,,http://streamer.lib.umd.edu/ssdcms/i.do?u=41702d8826844f2,lms-026124-0001,00:14:12,00:14:12,,,,,,31430004223188,2014-12-12,Access restricted to patrons at the University of Maryland.
UMDM,,UMDM,,31430004223568,,,,,,,,Action : a philosophical discussion,,,,,,,,A spontaneous philosophical discussion about the meaning of action. This film is suitable for students and beginners in philosophy. This film has been digitized because it has a high level of Vinegar Syndrome (chemical deterioration). That condition will prevent any captured images from being 100% perfect. Our goal is to present the content of the film in a digital format that is as good and the least distracting as possible.,,Films@UM,,1970,,1901-2000,,,,,,,,Nonprint Media Services,,,,,,moving image,analog,Nonfiction film,16mm,,,,,,,optical,,,,,,Black and white,Vinegar Syndrome,Viewed. Missing 2 sec blank/black/color bars at beginning & end LS // distorted frames 3406-3423 (00:02:22.059-00:02:22.768) produced temporal outlier pixels and fell outside the broadcast range pixels; otherwise looks fine (ESC),,,,,,,,,,,,,,,,,,,31430004223568,,Access restricted to patrons at the University of Maryland.
UMAM,,,UMAM,31430004223568,Good,Crawford,dc,12/12/14,,,,,,,,,,,,,,,,,,,,,,,,,,,,,,,,,,,,,,,,,,,,,,,,,,,,,,,,,,,,http://streamer.lib.umd.edu/ssdcms/i.do?u=4b23b2ffd4d2412,lms-026099-0001,00:24:39,00:24:39,,,,,,31430004223568,2014-12-12,Access restricted to patrons at the University of Maryland.
UMDM,,UMDM,,31430004223592,,,,,,,,Logical form,,,,,,,,This film was planned to amplify the textbook Introduction to logic (Parts i-ix). Analyzes some logical words and shows by examples that their meaning is defined by their use. The film ends with a discussion of the nature of logical form itself and its use in discovering the real choice behind a canteen menu. This film has been digitized because it has a high level of Vinegar Syndrome (chemical deterioration). That condition will prevent any captured images from being 100% perfect. Our goal is to present the content of the film in a digital format that is as good and the least distracting as possible.,,Films@UM,,1971,,1901-2000,,,,,,,,Nonprint Media Services,,,,,,moving image,analog,Nonfiction film,16mm,,,,,,,optical,,,,,,Black and white,Vinegar Syndrome,Viewed. Missing 2 sec blank/black/color bars at beginning & end.  Scratches/abrasions/sparkles are probably native artifacts.Date on screen is 1971. LS // temporal outlier pixels and pixels too bright or dark for broadcast range are inherent to film (ESC),,,,,,,,,,,,,,,,,,,31430004223592,,Access restricted to patrons at the University of Maryland.
UMAM,,,UMAM,31430004223592,Good,Crawford,jy,12/9/14,,,,,,,,,,,,,,,,,,,,,,,,,,,,,,,,,,,,,,,,,,,,,,,,,,,,,,,,,,,,http://streamer.lib.umd.edu/ssdcms/i.do?u=9ed640979e5b45e,lms-026127-0001,00:24:14,00:24:14,,,,,,31430004223592,2014-12-9,Access restricted to patrons at the University of Maryland.
UMDM,,UMDM,,31430004223600,,,,,,,,Black Muslims speak from America,,,,,,,,"Presents an interview with seven young Black Muslims. States their beliefs in the evil of the white man, a separate Black state in America and the teachings of Elijah Muhammad. This film has been digitized because it has a high level of Vinegar Syndrome (chemical deterioration). That condition will prevent any captured images from being 100% perfect. Our goal is to present the content of the film in a digital format that is as good and the least distracting as possible.",,Films@UM,,1970,,1901-2000,,,,,,,,Nonprint Media Services,,,,,,moving image,analog,Nonfiction film,16mm,,,,,,,optical,,,,,,Black and white,Vinegar Syndrome,"Viewed.Missing 2 sec blank/black/color bars at beginning & end. Scratches & abrasion may be native artifacts. Cut-through viewing as white dots in center starting aroun 13:30 may have been introduced during transfer? LS Sound has electrical popping throughout. Cat record says 33 min but Crawford transfer notes say 30:55. LS // film appears vertically scratched throughout, particularly from the 13:30 minute mark to the end, but Crawford's transfer process is dry-scan and contact-free, so it's likely native to the recording (ESC)",,,,,,,,,,,,,,,,,,,31430004223600,,Access restricted to patrons at the University of Maryland.
UMAM,,,UMAM,31430004223600,Average - Several tape splices first 400' of reel,Crawford,jy,12/9/14,,,,,,,,,,,,,,,,,,,,,,,,,,,,,,,,,,,,,,,,,,,,,,,,,,,,,,,,,,,,http://streamer.lib.umd.edu/ssdcms/i.do?u=e87d46217bc7466,lms-026107-0001,00:30:55,00:30:55,,,,,,31430004223600,2014-12-9,Access restricted to patrons at the University of Maryland.
UMDM,,UMDM,,31430004223741,,,,,,,,About Trevelyan,,,,,,,,"Four academic historians discuss the ways in which the discipline of history, as they study and teach it, makes demands which sharply differentiate it from other kinds of history. They relate these points to the virtues and defects of some of the work of the influential historian G.M. Trevelyan. This film has been digitized because it has a high level of Vinegar Syndrome (chemical deterioration). That condition will prevent any captured images from being 100% perfect. Our goal is to present the content of the film in a digital format that is as good and the least distracting as possible.",,Films@UM,,1971,,1901-2000,,,,,,,,Nonprint Media Services,,,,,,moving image,analog,Nonfiction film,16mm,,,,,,,optical,,,,,,Black and white,Vinegar Syndrome,Viewed. Missing 2 sec blank/black/color bars at beginning & end. Film screen has date of 1971. LS Hissing sound with some drops. // looks fine (ESC),,,,,,,,,,,,,,,,,,,31430004223741,,Access restricted to patrons at the University of Maryland.
UMAM,,,UMAM,31430004223741,Good,Crawford,jy/dc,12/11/14,,,,,,,,,,,,,,,,,,,,,,,,,,,,,,,,,,,,,,,,,,,,,,,,,,,,,,,,,,,,http://streamer.lib.umd.edu/ssdcms/i.do?u=df45a3a2dd5346a,lms-026098-0001,00:24:32,00:24:32,,,,,,31430004223741,2014-12-11,Access restricted to patrons at the University of Maryland.
UMDM,,UMDM,,31430004224087,,,,,,,,The Right instrument? [Mendelssohn's Rediscovery of Bach: 2],,,,,,,,"Shows that although the nineteenth century revived music of the European past, it was left largely to the twentieth century to rediscover the instruments for which earlier music had originally been created. This film has been digitized because it has a high level of Vinegar Syndrome (chemical deterioration). That condition will prevent any captured images from being 100% perfect. Our goal is to present the content of the film in a digital format that is as good and the least distracting as possible.",,Films@UM,,1960,,1901-2000,,,,,,,,Nonprint Media Services,,,,,,moving image,analog,Nonfiction film,16mm,,,,,,,optical,,,,,,Black and white,Vinegar Syndrome,added title in brackets; missing blank two seconds at beginning and end; missing broadcast range pixels between frames 17675-18997 (00:12:17.195-00:13:12.333); significant temporal outlier pixels between frames 25728-26666 (00:17:53.072-00:18:32.194); temporal outlier pixels throughout film seem to correspond to dirt and scratches on the celluloid (ESC),,,,,,,,,,,,,,,,,,,31430004224087,,Access restricted to patrons at the University of Maryland.
UMAM,,,UMAM,31430004224087,Good,Crawford,jy,12/9/14,,,,,,,,,,,,,,,,,,,,,,,,,,,,,,,,,,,,,,,,,,,,,,,,,,,,,,,,,,,,http://streamer.lib.umd.edu/ssdcms/i.do?u=afa7c8acf70a424,lms-026142-0001,00:25:32,00:25:32,,,,,,31430004224087,2014-12-9,Access restricted to patrons at the University of Maryland.
UMDM,,UMDM,,31430004224111,,,,,,,,Religious responses c.2 [ALSO LISTED IN 2.5 + 3],,,,,,,,"Professor Ferguson talks about the nature of religious experience and responses, explores methods of eliciting a religious response by means of the spoken word, by ritual and through visual images. He ends by suggesting that the essential nature of religious response lies in the holy, the numinous and the awesome. This film has been digitized because it has a high level of Vinegar Syndrome (chemical deterioration). That condition will prevent any captured images from being 100% perfect. Our goal is to present the content of the film in a digital format that is as good and the least distracting as possible.",,Films@UM,,1970,,1901-2000,,,,,,,,Nonprint Media Services,,,,,,moving image,analog,Nonfiction film,16mm,,,,,,,optical,,,,,,Black and white,Vinegar Syndrome,Viewed. Missing 2 sec blank/black/color bars at beginning & end.  Scratches/abrasions/sparkles are probably native artifacts. Some digital jittery-ness in frame line areas. LS // // temporal outlier pixels and pixels too bright or dark for broadcast range are inherent to film (ESC),,,,,,,,,,,,,,,,,,,31430004224111,,Access restricted to patrons at the University of Maryland.
UMAM,,,UMAM,31430004224111,Good,Crawford,jy,12/9/14,,,,,,,,,,,,,,,,,,,,,,,,,,,,,,,,,,,,,,,,,,,,,,,,,,,,,,,,,,,,http://streamer.lib.umd.edu/ssdcms/i.do?u=7c7b5bca088147e,lms-026129-0001,00:23:29,00:23:29,,,,,,31430004224111,2014-12-9,Access restricted to patrons at the University of Maryland.
UMDM,,UMDM,,31430004224285,,,,,,,,Art and artefact. c.1,,,,,,,,Robert Erskine talks about the distinction between the fine and useful arts both in the past and today. He considers how valid this distinction is and some of its implications. This film has been digitized because it has a high level of Vinegar Syndrome (chemical deterioration). That condition will prevent any captured images from being 100% perfect. Our goal is to present the content of the film in a digital format that is as good and the least distracting as possible.,,Films@UM,,1970,,1901-2000,,,,,,,,Nonprint Media Services,,,,,,moving image,analog,Nonfiction film,16mm,,,,,,,optical,,,,,,Black and white,Vinegar Syndrome,Viewed. Missing 2 sec blank/black/color bars at beginning & end. Scratches & abrasion may be native artifacts. LS // frames 2775-2783 (00:01:55.741-00:01:56.074) are distorted; significant temporal outlier pixels between frames 11746-12287 (00:08:09.906-00:0832.470); otherwise looks fine (ESC),,,,,,,,,,,,,,,,,,,31430004224285,,Access restricted to patrons at the University of Maryland.
UMAM,,,UMAM,31430004224285,Good,Crawford,jy,12/9/14,,,,,,,,,,,,,,,,,,,,,,,,,,,,,,,,,,,,,,,,,,,,,,,,,,,,,,,,,,,,http://streamer.lib.umd.edu/ssdcms/i.do?u=f99659f38e1d4d8,lms-026106-0001,00:24:28,00:24:28,,,,,,31430004224285,2014-12-9,Access restricted to patrons at the University of Maryland.
UMDM,,UMDM,,31430004225068,,,,,,,,Groups I,,,,,,,,"Explains the mathematical definition of group, and introduces its four basic requirements. This film has been digitized because it has a high level of Vinegar Syndrome (chemical deterioration). That condition will prevent any captured images from being 100% perfect. Our goal is to present the content of the film in a digital format that is as good and the least distracting as possible.",,Films@UM,,1970,,1901-2000,,,,,,,,Nonprint Media Services,,,,,,moving image,analog,Nonfiction film,16mm,,,,,,,optical,,,,,,Black and white,Vinegar Syndrome,Viewed. Missing 2 sec blank/black/color bars at beginning & end.  Scratches/sparkles are probably native artifacts.  LS // temporal outlier pixels and pixels too bright or dark for broadcast range are inherent to film (ESC),,,,,,,,,,,,,,,,,,,31430004225068,,Access restricted to patrons at the University of Maryland.
UMAM,,,UMAM,31430004225068,Good,Crawford,jy,12/9/14,,,,,,,,,,,,,,,,,,,,,,,,,,,,,,,,,,,,,,,,,,,,,,,,,,,,,,,,,,,,http://streamer.lib.umd.edu/ssdcms/i.do?u=c1060cccc74a489,lms-026122-0001,00:22:44,00:22:44,,,,,,31430004225068,2014-12-9,Access restricted to patrons at the University of Maryland.
UMDM,,UMDM,,31430004225076,,,,,,,,Groups II,,,,,,,,Illustrates the important 'isomorphism theorem' of groups by considering the particular group Sz of notations and/or rotations and flips by an equilateral triangle. This film has been digitized because it has a high level of Vinegar Syndrome (chemical deterioration). That condition will prevent any captured images from being 100% perfect. Our goal is to present the content of the film in a digital format that is as good and the least distracting as possible.,,Films@UM,,1970,,1901-2000,,,,,,,,Nonprint Media Services,,,,,,moving image,analog,Nonfiction film,16mm,,,,,,,optical,,,,,,Black and white,Vinegar Syndrome,Viewed. Missing 2 sec blank/black/color bars at beginning & end.  Scratches/abrasions/sparkles are probably native artifacts. Squares on charts appear distorted: possibly did not got through machinery flat on transfer? Sames as noted on 026105. LS // it's possible that the film frames have cupped; frames 6572-6577 (00:04:34.107-00:04:34:316) are distorted; temporal outlier pixels and pixels too bright or dark for broadcast range are inherent to film (ESC),,,,,,,,,,,,,,,,,,,31430004225076,,Access restricted to patrons at the University of Maryland.
UMAM,,,UMAM,31430004225076,Good,Crawford,jy,12/9/14,,,,,,,,,,,,,,,,,,,,,,,,,,,,,,,,,,,,,,,,,,,,,,,,,,,,,,,,,,,,http://streamer.lib.umd.edu/ssdcms/i.do?u=f8638dce77194df,lms-026123-0001,00:25:28,00:25:28,,,,,,31430004225076,2014-12-9,Access restricted to patrons at the University of Maryland.
UMDM,,UMDM,,31430004225126,,,,,,,,Approximating functions,,,,,,,,"A development of the idea of representing some given function by a simpler function, and an explanation of why it is useful to do so. The tool used is linear interpolation. Also deals with two related problems of estimating errors, and how errors depend on tabular spacing. This film has been digitized because it has a high level of Vinegar Syndrome (chemical deterioration). That condition will prevent any captured images from being 100% perfect. Our goal is to present the content of the film in a digital format that is as good and the least distracting as possible.",,Films@UM,,1970,,1901-2000,,,,,,,,Nonprint Media Services,,,,,,moving image,analog,Nonfiction film,16mm,,,,,,,optical,,,,,,Black and white,Vinegar Syndrome,Viewed. Missing 2 sec blank/black/color bars at beginning & end.Slight abrasions are probably native artifacts. Squares on charts appear distorted: possibly did not got through machinery flat on transfer? LS // upper half of frame 4768 is distorted; lower half of frame 28842 is distorted; it's possible that the film frames have cupped; otherwise looks fine (ESC),,,,,,,,,,,,,,,,,,,31430004225126,,Access restricted to patrons at the University of Maryland.
UMAM,,,UMAM,31430004225126,Good,Crawford,jy,12/9/14,,,,,,,,,,,,,,,,,,,,,,,,,,,,,,,,,,,,,,,,,,,,,,,,,,,,,,,,,,,,http://streamer.lib.umd.edu/ssdcms/i.do?u=77aba81adf2142e,lms-026105-0001,00:25:28,00:25:28,,,,,,31430004225126,2014-12-9,Access restricted to patrons at the University of Maryland.
UMDM,,UMDM,,31430004225159,,,,,,,,Playing with numbers,,,,,,,,"A brief examination of the types of numbers possible. Rational, algebraic, and irrational numbers are illustrated and discussed. This film has been digitized because it has a high level of Vinegar Syndrome (chemical deterioration). That condition will prevent any captured images from being 100% perfect. Our goal is to present the content of the film in a digital format that is as good and the least distracting as possible.",,Films@UM,,1966,,1901-2000,,,,,,,,Nonprint Media Services,,,,,,moving image,analog,Nonfiction film,16mm,,,,,,,optical,,,,,,Black and white,Vinegar Syndrome,Viewed. Missing 2 sec blank/black/color bars at beginning & end.  Scratches/abrasions/sparkles are probably native artifacts. LS // temporal outlier pixels and pixels too bright or dark for broadcast range are inherent to film (ESC),,,,,,,,,,,,,,,,,,,31430004225159,,Access restricted to patrons at the University of Maryland.
UMAM,,,UMAM,31430004225159,Good,Crawford,jy,12/9/14,,,,,,,,,,,,,,,,,,,,,,,,,,,,,,,,,,,,,,,,,,,,,,,,,,,,,,,,,,,,http://streamer.lib.umd.edu/ssdcms/i.do?u=55576fd82b67448,lms-026128-0001,00:19:20,00:19:20,,,,,,31430004225159,2014-12-9,Access restricted to patrons at the University of Maryland.
UMDM,,UMDM,,31430004225175,,,,,,,,Anatomy of analogy,,,,,,,,Demonstrates the way a full orchestra score can be reduced to a piano version; the way in which children counting and the use of logarithms provide mathematical examples of modeling and extends these ideas to arrive at the definition of morphism. The breakdown of the method for the sine function with addition leads to the construction of the compatibility test and finally indicates the way in which morphism are useful in management situations. This film has been digitized because it has a high level of Vinegar Syndrome (chemical deterioration). That condition will prevent any captured images from being 100% perfect. Our goal is to present the content of the film in a digital format that is as good and the least distracting as possible.,,Films@UM,,1971,,1901-2000,,,,,,,,Nonprint Media Services,,,,,,moving image,analog,Nonfiction film,16mm,,,,,,,optical,,,,,,B&W w/optical sound,Vinegar Syndrome,Viewed. Missing 2 sec blank/black/color bars at beginning & end.  Slight abrasions are probably native artifacts. Squares on charts appear distorted: possibly did not got through machinery flat on transfer? Film screen date is 1971. LS // significant temporal outliers between frames 93-814 (00:00:03.879-00:00:33.951); it's possible that the film frames have cupped; otherwise looks fine (ESC),,,,,,,,,,,,,,,,,,,31430004225175,,Access restricted to patrons at the University of Maryland.
UMAM,,,UMAM,31430004225175,Good,Crawford,dc,12/12/14,,,,,,,,,,,,,,,,,,,,,,,,,,,,,,,,,,,,,,,,,,,,,,,,,,,,,,,,,,,,http://streamer.lib.umd.edu/ssdcms/i.do?u=73b31f7afec3482,lms-026103-0001,00:25:26,00:25:26,,,,,,31430004225175,2014-12-12,Access restricted to patrons at the University of Maryland.
UMDM,,UMDM,,31430004225209,,,,,,,,An end or a beginning,,,,,,,,Presents a definition of a mathematical structure and explains how groups fit in with the definition. Considers mappings between structures and also extends the definition of a morphism. This film has been digitized because it has a high level of Vinegar Syndrome (chemical deterioration). That condition will prevent any captured images from being 100% perfect. Our goal is to present the content of the film in a digital format that is as good and the least distracting as possible.,,Films@UM,,1970,,1901-2000,,,,,,,,Nonprint Media Services,,,,,,moving image,analog,Nonfiction film,16mm,,,,,,,optical,,,,,,Black and white,Vinegar Syndrome,Viewed. Missing 2 sec blank/black/color bars at beginning & end. Scratches/abrasions are probably native artifacts. LS // lower half of frame 4190 is distorted; otherwise looks fine (ESC),,,,,,,,,,,,,,,,,,,31430004225209,,Access restricted to patrons at the University of Maryland.
UMAM,,,UMAM,31430004225209,Good,Crawford,jy,12/9/14,,,,,,,,,,,,,,,,,,,,,,,,,,,,,,,,,,,,,,,,,,,,,,,,,,,,,,,,,,,,http://streamer.lib.umd.edu/ssdcms/i.do?u=d1f4376b4a754a1,lms-026102-0001,00:25:31,00:25:31,,,,,,31430004225209,2014-12-9,Access restricted to patrons at the University of Maryland.
UMDM,,UMDM,,31430004225258,,,,,,,,Fundamental theorum of calculus,,,,,,,,"A description of the basic principles of calculus, including derivatives and integrals using the area under a curve. This film has been digitized because it has a high level of Vinegar Syndrome (chemical deterioration). That condition will prevent any captured images from being 100% perfect. Our goal is to present the content of the film in a digital format that is as good and the least distracting as possible.",,Films@UM,,1970,,1901-2000,,,,,,,,Nonprint Media Services,,,,,,moving image,analog,Nonfiction film,16mm,,,,,,,optical,,,,,,Black and white,Vinegar Syndrome,"Viewed. Missing 2 sec blank/black/color bars at beginning & end.  Scratches/cut-throughs/sparkles are mostly native artifacts. There is a questionable dotted line type scratch in middle of frame that may be from transfer as mentioned in 026107. Squares on charts appear distorted: possibly did not got through machinery flat on transfer as noted in 026107. Digitization appears jittery, especially after 24:30. LS // it's possible that the film frames have cupped; temporal outlier pixels and pixels too dark for broadcast range are inherent to film (ESC)",,,,,,,,,,,,,,,,,,,31430004225258,,Access restricted to patrons at the University of Maryland.
UMAM,,,UMAM,31430004225258,Good,Crawford,jy,12/9/14,,,,,,,,,,,,,,,,,,,,,,,,,,,,,,,,,,,,,,,,,,,,,,,,,,,,,,,,,,,,http://streamer.lib.umd.edu/ssdcms/i.do?u=041b874bbe634ef,lms-026118-0001,00:25:06,00:25:06,,,,,,31430004225258,2014-12-9,Access restricted to patrons at the University of Maryland.
UMDM,,UMDM,,31430004225290,,,,,,,,The Definite integral.,,,,,,,,An historical introduction to the founding of integration by Newton and Leibniz in the 17th century. This film has been digitized because it has a high level of Vinegar Syndrome (chemical deterioration). That condition will prevent any captured images from being 100% perfect. Our goal is to present the content of the film in a digital format that is as good and the least distracting as possible.,,Films@UM,,1970,,1901-2000,,,,,,,,Nonprint Media Services,,,,,,moving image,analog,Nonfiction film,16mm,,,,,,,optical,,,,,,Black and white,Vinegar Syndrome,Viewed. Missing 2 sec blank/black/color bars at beginning & end.  Scratches/abrasions/sparkles are probably native artifacts. Digitization jittery on end credits. LS // frames between 13623-13635 (00:09:28.193-00:09:28.693) are damaged; temporal outlier pixels and pixels too bright or dark for broadcast range are inherent to film (ESC),,,,,,,,,,,,,,,,,,,31430004225290,,Access restricted to patrons at the University of Maryland.
UMAM,,,UMAM,31430004225290,Good,Crawford,jy,12/9/14,,,,,,,,,,,,,,,,,,,,,,,,,,,,,,,,,,,,,,,,,,,,,,,,,,,,,,,,,,,,http://streamer.lib.umd.edu/ssdcms/i.do?u=48099a17d815416,lms-026136-0001,00:24:47,00:24:47,,,,,,31430004225290,2014-12-9,Access restricted to patrons at the University of Maryland.
UMDM,,UMDM,,31430004225308,,,,,,,,Errors that die,,,,,,,,"Relates the practical problem of 'getting answers' to some ideas on functions. Shows how to get very approximate roots, and indicates how they can be improved. The idea of an iterative process is introduced in connection with a problem at the British Aircraft Corporation, and this technique is put to the test by exploring various rearrangements. This film has been digitized because it has a high level of Vinegar Syndrome (chemical deterioration). That condition will prevent any captured images from being 100% perfect. Our goal is to present the content of the film in a digital format that is as good and the least distracting as possible.",,Films@UM,,1970,,1901-2000,,,,,,,,Nonprint Media Services,,,,,,moving image,analog,Nonfiction film,16mm,,,,,,,optical,,,,,,Black and white,Vinegar Syndrome,"Viewed. Missing 2 sec blank/black/color bars at beginning & end.  Scratches/cut-throughs/sparkles are probably native artifacts. LS // significant temporal outlier pixels between frames 2286-3992 (00:01:35.345-00:02:46.500), 19243-19610 (00:13:22.593-00:13:37.900), 25609-27644 (00:17:48.109-00:19:12.985) and 35029-35680 (00:24:21.001-00:24:48.153)",,,,,,,,,,,,,,,,,,,31430004225308,,Access restricted to patrons at the University of Maryland.
UMAM,,,UMAM,31430004225308,Good,Crawford,jy,12/9/14,,,,,,,,,,,,,,,,,,,,,,,,,,,,,,,,,,,,,,,,,,,,,,,,,,,,,,,,,,,,http://streamer.lib.umd.edu/ssdcms/i.do?u=efb2a5b732d543a,lms-026115-0001,00:25:24,00:25:24,,,,,,31430004225308,2014-12-9,Access restricted to patrons at the University of Maryland.
UMDM,,UMDM,,31430004225365,,,,,,,,The difference operator,,,,,,,,Shows how the difference operator can be thought of as a morphism and how it can be used to describe a rate of change. This film has been digitized because it has a high level of Vinegar Syndrome (chemical deterioration). That condition will prevent any captured images from being 100% perfect. Our goal is to present the content of the film in a digital format that is as good and the least distracting as possible.,,Films@UM,,1970,,1901-2000,,,,,,,,Nonprint Media Services,,,,,,moving image,analog,Nonfiction film,16mm,,,,,,,optical,,,,,,Black and white,Vinegar Syndrome,Viewed. Missing 2 sec blank/black/color bars at beginning & end.  Scratches/abrasions/sparkles are probably native artifacts. LS // frames between 16286-16293 (00:11:19.262-00:11:19.554) are damaged; temporal outlier pixels and pixels too bright or dark for broadcast range are inherent to film (ESC),,,,,,,,,,,,,,,,,,,31430004225365,,Access restricted to patrons at the University of Maryland.
UMAM,,,UMAM,31430004225365,Good,Crawford,jy,12/9/14,,,,,,,,,,,,,,,,,,,,,,,,,,,,,,,,,,,,,,,,,,,,,,,,,,,,,,,,,,,,http://streamer.lib.umd.edu/ssdcms/i.do?u=c9b563074c704cb,lms-026137-0001,00:25:02,00:25:02,,,,,,31430004225365,2014-12-9,Access restricted to patrons at the University of Maryland.
UMDM,,UMDM,,31430004225548,,,,,,,,The Periodic table,,,,,,,,"Introduces the periodic table by looking at some of the properties of a range of elements. Shows the relative chemical reactivities of the alkali metals with oxygen, and of the halogens with phosphorus, and relates these properties to their positions in the periodic table. This film has been digitized because it has a high level of Vinegar Syndrome (chemical deterioration). That condition will prevent any captured images from being 100% perfect. Our goal is to present the content of the film in a digital format that is as good and the least distracting as possible.",,Films@UM,,1970,,1901-2000,,,,,,,,Nonprint Media Services,,,,,,moving image,analog,Nonfiction film,16mm,,,,,,,optical,,,,,,Black and white,Vinegar Syndrome,"missing blank two seconds at beginning and end; film is in poor shape during first couple of minutes; missing broadcast range pixels between frames 0-433 (00:00:00.000-00:00:18.060) and 1653-1746 (00:01:08.944-00:01:12.823); significant temporal outlier pixels between frames 293-423 (00:00:12.221-00:00:17.643), 1653-1746 (00:01:08.944-00:01:12.823), 2236-2389 (00:01:33.260-00:01:39.641), 9213-9438 (00:06:24.259-00:06:33.643) (ESC)",,,,,,,,,,,,,,,,,,,31430004225548,,Access restricted to patrons at the University of Maryland.
UMAM,,,UMAM,31430004225548,Good,Crawford,jy,12/9/14,,,,,,,,,,,,,,,,,,,,,,,,,,,,,,,,,,,,,,,,,,,,,,,,,,,,,,,,,,,,http://streamer.lib.umd.edu/ssdcms/i.do?u=f437220d83f94a8,lms-026141-0001,00:25:12,00:25:12,,,,,,31430004225548,2014-12-9,Access restricted to patrons at the University of Maryland.
UMDM,,UMDM,,31430004225555,,,,,,,,Giant molecules,,,,,,,,"Demonstrates addition and condensation polymerization reactions, and indicates how physical properties and molecular structure of polymers may be related. Four polymers are shown, and the differences in their properties are explained using models. Finally, materials are shown being turned into the more familiar plastic consumer goods. This film has been digitized because it has a high level of Vinegar Syndrome (chemical deterioration). That condition will prevent any captured images from being 100% perfect. Our goal is to present the content of the film in a digital format that is as good and the least distracting as possible.",,Films@UM,,1970,,1901-2000,,,,,,,,Nonprint Media Services,,,,,,moving image,analog,Nonfiction film,16mm,,,,,,,optical,,,,,,Black and white,Vinegar Syndrome,Viewed. Missing 2 sec blank/black/color bars at beginning & end.  Scratches/cut-throughs/sparkles are mostly native artifacts. LS // temporal outlier pixels are inherent to film (ESC),,,,,,,,,,,,,,,,,,,31430004225555,,Access restricted to patrons at the University of Maryland.
UMAM,,,UMAM,31430004225555,Good,Crawford,jy,12/10/14,,,,,,,,,,,,,,,,,,,,,,,,,,,,,,,,,,,,,,,,,,,,,,,,,,,,,,,,,,,,http://streamer.lib.umd.edu/ssdcms/i.do?u=0023d46307bb4ef,lms-026119-0001,00:25:35,00:25:35,,,,,,31430004225555,2014-12-10,Access restricted to patrons at the University of Maryland.
UMDM,,UMDM,,31430007902424,,,,,,,,Collage,,,,,,,,Explores the medium of collage and assemblage. Shows students and teachers as well as artists such as Esteban Vicente and Alex Katz at work. This film has been digitized because it has a high level of Vinegar Syndrome (chemical deterioration). That condition will prevent any captured images from being 100% perfect. Our goal is to present the content of the film in a digital format that is as good and the least distracting as possible.,,Films@UM,,1966,,1901-2000,,,,,,,,Nonprint Media Services,,,,,,moving image,analog,Nonfiction film,16mm,,,,,,,optical,,,,,,Color,Vinegar Syndrome,"Viewed. Missing 2 sec blank/black/color bars at beginning & end.  Scratches/cut-throughs/sparkles are probably native artifacts. There are some fiber/hair like items displaying at top of frame right that may have been caused by film transfer path/lens not being clean. Film screen date 1966. LS // significant temporal outlier pixels between frames 728-853 (00:00:30.364-00:00:35.577), 16270-16442 (00:11:18.595-00:11:25.768), and 19167-19396 (00:13:19.424-00:1328.975); fiber/hair must be a native artifact, otherwise it would be present throughout the entire film rather than in various scenes (ESC)",,,,,,,,,,,,,,,,,,,31430007902424,,Access restricted to patrons at the University of Maryland.
UMAM,,,UMAM,31430007902424,Several tape splices first 50' of reel. Condition good  (Color Faded to red) / Red fade minimized with color grade,Crawford,dc,12/12/14,,,,,,,,,,,,,,,,,,,,,,,,,,,,,,,,,,,,,,,,,,,,,,,,,,,,,,,,,,,,http://streamer.lib.umd.edu/ssdcms/i.do?u=c31b6b4ecdee4f3,lms-026110-0001,00:15:06,00:15:06,,,,,,31430007902424,2014-12-12,Access restricted to patrons at the University of Maryland.
UMDM,,UMDM,,31430007902887,,,,,,,,The Self-motivated achiever,,,,,,,,Dr. David C. McClelland discusses the special problems that management encounters with employees who have a strong need for achievement. This film has been digitized because it has a high level of Vinegar Syndrome (chemical deterioration). That condition will prevent any captured images from being 100% perfect. Our goal is to present the content of the film in a digital format that is as good and the least distracting as possible.,,Films@UM,,1967,,1901-2000,,,,,,,,Nonprint Media Services,,,,,,moving image,analog,Nonfiction film,16mm,,,,,,,optical,,,,,,Color,Vinegar Syndrome,"missing blank two seconds at beginning and end; significant temporal outlier pixels in frames 2583-2799 (00:01:47.983-00:01:56.742), 3085-3239 (00:02:08.670-00:02:15.093), 3958-4095 (00:02:45.082-00:02:50.796), 4425-4485 (00:03:04.559-00:03:07.062), 4924-5081 (00:03:25.372-00:03:31.920), and 6177-6275 (00:04:17.632-00:04:21.720); film is jumpy during closing credits (ESC)",,,,,,,,,,,,,,,,,,,31430007902887,,Access restricted to patrons at the University of Maryland.
UMAM,,,UMAM,31430007902887,Good (Color Faded to red) / Red fade minimized with color grade,Crawford,jy,12/10/14,,,,,,,,,,,,,,,,,,,,,,,,,,,,,,,,,,,,,,,,,,,,,,,,,,,,,,,,,,,,http://streamer.lib.umd.edu/ssdcms/i.do?u=cf0029ec1335419,lms-026143-0001,00:24:40,00:24:40,,,,,,31430007902887,2014-12-10,Access restricted to patrons at the University of Maryland.
UMDM,,UMDM,,31430007917380,,,,,,,,The Child of the future: how might he learn? pt.1,,,,,,,,A study of the changing form of education and the impact of electronic and mechanical teaching aids on the child. Features educator Dr. Jerome Bruner and host-narrator Dr. Marshall McLuhan. This film has been digitized because it has a high level of Vinegar Syndrome (chemical deterioration). That condition will prevent any captured images from being 100% perfect. Our goal is to present the content of the film in a digital format that is as good and the least distracting as possible.,,Films@UM,,1964,,1901-2000,,,,,,,,Nonprint Media Services,,,,,,moving image,analog,Nonfiction film,16mm,,,,,,,optical,,,,,,Black and white,Vinegar Syndrome,"Viewed. Missing 2 sec blank/black/color bars at beginning & end.  Scratches/abrasions/sparkles are probably native artifacts. 16:02 to 16:29, 17:06 to 17:36  bottom frame line exposed. 28:41 to 29:17, 29:38 to 30:32 top frame line exposed. LS // frame 1106 (00:00:46.129) is damaged; temporal outlier pixels and pixels too bright or dark for broadcast range are inherent to film (ESC)",,,,,,,,,,,,,,,,,,,31430007917380,,Access restricted to patrons at the University of Maryland.
UMAM,,,UMAM,31430007917380,Good - Several splices first 150' of reel,Crawford,jy,12/10/14,,,,,,,,,,,,,,,,,,,,,,,,,,,,,,,,,,,,,,,,,,,,,,,,,,,,,,,,,,,,http://streamer.lib.umd.edu/ssdcms/i.do?u=c519dc4c00ea4d0,lms-026134-0001,00:30:36,00:30:36,,,,,,31430007917380,2014-12-10,Access restricted to patrons at the University of Maryland.
UMDM,,UMDM,,31430007917398,,,,,,,,The Child of the future: how might he learn? pt.2,,,,,,,,A study of the changing form of education and the impact of electronic and mechanical teaching aids on the child. Features educator Dr. Jerome Bruner and host-narrator Dr. Marshall McLuhan. This film has been digitized because it has a high level of Vinegar Syndrome (chemical deterioration). That condition will prevent any captured images from being 100% perfect. Our goal is to present the content of the film in a digital format that is as good and the least distracting as possible.,,Films@UM,,1964,,1901-2000,,,,,,,,Nonprint Media Services,,,,,,moving image,analog,Nonfiction film,16mm,,,,,,,optical,,,,,,Black and white,Vinegar Syndrome,Viewed. Missing 2 sec blank/black/color bars at beginning & end.  Scratches/abrasions/sparkles are probably native artifacts. LS // temporal outlier pixels and pixels too bright or dark for broadcast range are inherent to film (ESC),,,,,,,,,,,,,,,,,,,31430007917398,,Access restricted to patrons at the University of Maryland.
UMAM,,,UMAM,31430007917398,Good,Crawford,jy,12/10/14,,,,,,,,,,,,,,,,,,,,,,,,,,,,,,,,,,,,,,,,,,,,,,,,,,,,,,,,,,,,http://streamer.lib.umd.edu/ssdcms/i.do?u=16558bd11f51489,lms-026135-0001,00:27:34,00:27:34,,,,,,31430007917398,2014-12-10,Access restricted to patrons at the University of Maryland.
UMDM,,UMDM,,31430007917653,,,,,,,,"Concepts of man, 1832-1914 c.2",,,,,,,,"Describes the impact of Darwin's theory of evolution and Huxley's defence of it on the Victorian intellectual life. Shows how developments in various scientific fields, including geology, anthropology and biology were helping to crystallize a new view of the nature of man, and the evolutionary theory came to be widely applied to social and economic problems. This film has been digitized because it has a high level of Vinegar Syndrome (chemical deterioration). That condition will prevent any captured images from being 100% perfect. Our goal is to present the content of the film in a digital format that is as good and the least distracting as possible.",,Films@UM,,1970,,1901-2000,,,,,,,,Nonprint Media Services,,,,,,moving image,analog,Nonfiction film,16mm,,,,,,,optical,,,,,,Black and white,Vinegar Syndrome,Viewed. Missing 2 sec blank/black/color bars at beginning & end.  Scratches/cut-throughs/sparkles are probably native artifacts. LS // significant temporal outlier pixels between frames 7056-7241 (00:04:54.294-00:05:02.010); otherwise looks fine (ESC),,,,,,,,,,,,,,,,,,,31430007917653,,Access restricted to patrons at the University of Maryland.
UMAM,,,UMAM,31430007917653,Good,Crawford,jy,12/10/14,,,,,,,,,,,,,,,,,,,,,,,,,,,,,,,,,,,,,,,,,,,,,,,,,,,,,,,,,,,,http://streamer.lib.umd.edu/ssdcms/i.do?u=bccaf8beaecd467,lms-026114-0001,00:24:56,00:24:56,,,,,,31430007917653,2014-12-10,Access restricted to patrons at the University of Maryland.
UMDM,,UMDM,,31430007918016,,,,,,,,Glasgow : the industrial city c.2,,,,,,,,"Depicts the industrial development of Glasgow, particularly of ship-building from the eighteenth century. Also examines Glasgow's attempts to tackle the social problems brought about by industrialization. This film has been digitized because it has a high level of Vinegar Syndrome (chemical deterioration). That condition will prevent any captured images from being 100% perfect. Our goal is to present the content of the film in a digital format that is as good and the least distracting as possible.",,Films@UM,,1970,,1901-2000,,,,,,,,Nonprint Media Services,,,,,,moving image,analog,Nonfiction film,16mm,,,,,,,optical,,,,,,Black and white,Vinegar Syndrome,Viewed. Missing 2 sec blank/black/color bars at beginning & end.  Scratches/cut-throughs/sparkles are mostly native artifacts. Sound: some hiss. LS // temporal outlier pixels and pixels too dark for broadcast range are inherent to film (ESC),,,,,,,,,,,,,,,,,,,31430007918016,,Access restricted to patrons at the University of Maryland.
UMAM,,,UMAM,31430007918016,Good,Crawford,jy,12/10/14,,,,,,,,,,,,,,,,,,,,,,,,,,,,,,,,,,,,,,,,,,,,,,,,,,,,,,,,,,,,http://streamer.lib.umd.edu/ssdcms/i.do?u=cce93d0981ec4b5,lms-026120-0001,00:25:17,00:25:17,,,,,,31430007918016,2014-12-10,Access restricted to patrons at the University of Maryland.
UMDM,,UMDM,,31430007918370,,,,,,,,The Necessity for history c.1,,,,,,,,"Arthur Warwick uses visual evidence, including news film, prints and old photographs, to illustrate his theme of the social necessity of history. He also underlines his conviction that history must be studied scientifically and systematically. This film has been digitized because it has a high level of Vinegar Syndrome (chemical deterioration). That condition will prevent any captured images from being 100% perfect. Our goal is to present the content of the film in a digital format that is as good and the least distracting as possible.",,Films@UM,,1970,,1901-2000,,,,,,,,Nonprint Media Services,,,,,,moving image,analog,Nonfiction film,16mm,,,,,,,optical,,,,,,Black and white,Vinegar Syndrome,Viewed. Missing 2 sec blank/black/color bars at beginning & end.  Scratches/abrasions/sparkles are probably native artifacts. LS // content begins immediately; temporal outlier pixels and pixels too bright or dark for broadcast range are inherent to film (ESC),,,,,,,,,,,,,,,,,,,31430007918370,,Access restricted to patrons at the University of Maryland.
UMAM,,,UMAM,31430007918370,Good,Crawford,jy,12/10/14,,,,,,,,,,,,,,,,,,,,,,,,,,,,,,,,,,,,,,,,,,,,,,,,,,,,,,,,,,,,http://streamer.lib.umd.edu/ssdcms/i.do?u=70352745900743d,lms-026140-0001,00:24:27,00:24:27,,,,,,31430007918370,2014-12-10,Access restricted to patrons at the University of Maryland.
UMDM,,UMDM,,31430007918982,,,,,,,,Four religions,,,,,,,,Part 1 examines the differences and similarities between Hinduism and Buddhism This film has been digitized because it has a high level of Vinegar Syndrome (chemical deterioration). That condition will prevent any captured images from being 100% perfect. Our goal is to present the content of the film in a digital format that is as good and the least distracting as possible.,,Films@UM,,1961,,1901-2000,,,,,,,,Nonprint Media Services,,,,,,moving image,analog,Nonfiction film,16mm,,,,,,,optical,,,,,,Black and white,Vinegar Syndrome,Viewed. Missing 2 sec blank/black/color bars at beginning & end.  Scratches/cut-throughs/sparkles are probably native artifacts.ls Sound:Ambient hiss throughout. LS // temporal outlier pixels and pixels too dark for broadcast range are inherent to film (ESC),,,,,,,,,,,,,,,,,,,31430007918982,,Access restricted to patrons at the University of Maryland.
UMAM,,,UMAM,31430007918982,Average - Perfs taped & splices throughout,Crawford,jy,12/10/14,,,,,,,,,,,,,,,,,,,,,,,,,,,,,,,,,,,,,,,,,,,,,,,,,,,,,,,,,,,,http://streamer.lib.umd.edu/ssdcms/i.do?u=d64f202e7996492,lms-026116-0001,00:27:36,00:27:36,,,,,,31430007918982,2014-12-10,Access restricted to patrons at the University of Maryland.
UMDM,,UMDM,,31430007918990,,,,,,,,Four religions pt.2,,,,,,,,Part 2 focuses on the beliefs of Islam and Judaism. This film has been digitized because it has a high level of Vinegar Syndrome (chemical deterioration). That condition will prevent any captured images from being 100% perfect. Our goal is to present the content of the film in a digital format that is as good and the least distracting as possible.,,Films@UM,,1961,,1901-2000,,,,,,,,Nonprint Media Services,,,,,,moving image,analog,Nonfiction film,16mm,,,,,,,optical,,,,,,Black and white,Vinegar Syndrome,Viewed. Missing 2 sec blank/black/color bars at beginning & end.  Scratches/cut-throughs/sparkles are probably native artifacts. The shrunken condition of the film probably contributed to the wobbly transfer that is evident. Part 2 film date should reflect part 1 date of 1961. LS // frame 32294 is distorted; temporal outlier pixels and pixels too dark for broadcast range are inherent to film (ESC),,,,,,,,,,,,,,,,,,,31430007918990,,Access restricted to patrons at the University of Maryland.
UMAM,,,UMAM,31430007918990,POOR ! SEVERELY SHRUNK ! Had a hard time getting it back on reel. Had to put on a larger reel in a different can. Could not get it onto the original reel.,Crawford,dc,12/12/14,,,,,,,,,,,,,,,,,,,,,,,,,,,,,,,,,,,,,,,,,,,,,,,,,,,,,,,,,,,,http://streamer.lib.umd.edu/ssdcms/i.do?u=67f6130777f6488,lms-026117-0001,00:31:00,00:31:00,,,,,,31430007918990,2014-12-12,Access restricted to patrons at the University of Maryland.
UMDM,,UMDM,,31430007936950,,,,,,,,The B-52: Vietnam,,,,,,,,This film describes the B-52 bombers used by Americans in the Vietnam war. It shows a crew preparing for and flying bombing missions as well as a description of the plane itself and its effectiveness. This film has been digitized because it has a high level of Vinegar Syndrome (chemical deterioration). That condition will prevent any captured images from being 100% perfect. Our goal is to present the content of the film in a digital format that is as good and the least distracting as possible.,,Films@UM,,1961,,1901-2000,,,,,,,,Nonprint Media Services,,,,,,moving image,analog,Nonfiction film,16mm,,,,,,,optical,,,,,,Color,Vinegar Syndrome,Viewed. Missing 2 sec blank/black/color bars at beginning & end. Scratches/abrasions/sparkles are probably native artifacts. LS // damaged frames between 2243-2287 (00:01:33.552-00:01:35.387); frame 53885 (00:37:27.454) is corroded; temporal outlier pixels and pixels too bright or dark for broadcast range are inherent to film (ESC),,,,,,,,,,,,,,,,,,,31430007936950,,Access restricted to patrons at the University of Maryland.
UMAM,,,UMAM,31430007936950,Good  (Color Faded to red) / Red fade minimized with color grade,Crawford,jy,12/10/14,,,,,,,,,,,,,,,,,,,,,,,,,,,,,,,,,,,,,,,,,,,,,,,,,,,,,,,,,,,,http://streamer.lib.umd.edu/ssdcms/i.do?u=001539d35a44411,lms-026132-0001,00:39:04,00:39:04,,,,,,31430007936950,2014-12-10,Access restricted to patrons at the University of Maryland.
UMDM,,UMDM,,31430021554482,,,,,,,,Anna Sokolow's Rooms,,,,,,,,A performance of Sokolow's ballet that explores the loneliness and alienation of the modern man. This film has been digitized because it has a high level of Vinegar Syndrome (chemical deterioration). That condition will prevent any captured images from being 100% perfect. Our goal is to present the content of the film in a digital format that is as good and the least distracting as possible.,,Films@UM,,1966,,1901-2000,,,,,,,,Nonprint Media Services,,,,,,moving image,analog,Nonfiction film,16mm,,,,,,,optical,,,,,,Black and white,Vinegar Syndrome,Viewed. Missing 2 sec blank/black/color bars at beginning & end.  Scratches/abrasions/sparkles are probably native artifacts. Jumpy first 2 min. Again 7:28 to 8:30. Periodically throughout. Not a good transfer. Sound: OK but not great. Overall ambient hiss. Date of film is 1966 on screen. LS // artifacts Linda noted are likely native to the film; otherwise looks fine (ESC),,,,,,,,,,,,,,,,,,,31430021554482,,Access restricted to patrons at the University of Maryland.
UMAM,,,UMAM,31430021554482,POOR ! SEVERELY SHRUNK ! Had a hard time getting it back on reel,Crawford,dc,12/12/14,,,,,,,,,,,,,,,,,,,,,,,,,,,,,,,,,,,,,,,,,,,,,,,,,,,,,,,,,,,,http://streamer.lib.umd.edu/ssdcms/i.do?u=ded3bbb45032467,lms-026104-0001,00:28:42,00:28:42,,,,,,31430021554482,2014-12-12,Access restricted to patrons at the University of Maryland.
UMDM,,UMDM,,31430022895389,,,,,,,,"Blood groups, skin color, gene pools",,,,,,,,Explains alleles and the hereditary aspects of differing genotypic combinations in human blood groups and skin color. Defines population genetics and emphasizes the part played by chance inheritance. This film has been digitized because it has a high level of Vinegar Syndrome (chemical deterioration). That condition will prevent any captured images from being 100% perfect. Our goal is to present the content of the film in a digital format that is as good and the least distracting as possible.,,Films@UM,,1961,,1901-2000,,,,,,,,Nonprint Media Services,,,,,,moving image,analog,Nonfiction film,16mm,,,,,,,optical,,,,,,Color,Vinegar Syndrome,Viewed. Missing 2 sec blank/black/color bars at beginning & end.  Slight abrasions/particles are probably native artifacts. LS // frames 23408-23409 (00:16:16.309-00:16:16.350) have chemically deteriorated; red fade is noticeable (ESC),,,,,,,,,,,,,,,,,,,31430022895389,,Access restricted to patrons at the University of Maryland.
UMAM,,,UMAM,31430022895389,Good  (Color Faded to red) / Red fade minimized with color grade,Crawford,dc,12/12/14,,,,,,,,,,,,,,,,,,,,,,,,,,,,,,,,,,,,,,,,,,,,,,,,,,,,,,,,,,,,http://streamer.lib.umd.edu/ssdcms/i.do?u=15303a7259264b7,lms-026108-0001,00:27:53,00:27:53,,,,,,31430022895389,2014-12-12,Access restricted to patrons at the University of Maryland.
UMDM,,UMDM,,31430031349055,,,,,,,,The Air Force uniform,,,,,,,,"Presents the uniform of the youngest military service in the United States. Illustrates procedures for acquiring, fitting, and replacing uniforms. Demonstrates insignia placement, care and maintenance, and acceptable combinations of uniform elements. This film has been digitized because it has a high level of Vinegar Syndrome (chemical deterioration). That condition will prevent any captured images from being 100% perfect. Our goal is to present the content of the film in a digital format that is as good and the least distracting as possible.",,Films@UM,,1957,,1901-2000,,,,,,,,Nonprint Media Services,,,,,,moving image,analog,Nonfiction film,16mm,,,,,,,optical,,,,,,Color,Vinegar Syndrome,Viewed. Missing 2 sec blank/black/color bars at beginning & end.  Scratches/abrasions/sparkles are probably native artifacts. Film date on screen is 1957. LS // temporal outlier pixels and pixels too bright or dark for broadcast range are inherent to film (ESC),,,,,,,,,,,,,,,,,,,31430031349055,,Access restricted to patrons at the University of Maryland.
UMAM,,,UMAM,31430031349055,Good  (Color Faded to red) / Red fade minimized with color grade,Crawford,jy,12/10/14,,,,,,,,,,,,,,,,,,,,,,,,,,,,,,,,,,,,,,,,,,,,,,,,,,,,,,,,,,,,http://streamer.lib.umd.edu/ssdcms/i.do?u=a1606143119640b,lms-026130-0001,00:24:52,00:24:52,,,,,,31430031349055,2014-12-10,Access restricted to patrons at the University of Maryland.
UMDM,,UMDM,,31430031349170,,,,,,,,Aircraft pressurization,,,,,,,,A training film for Air Force personnel that focuses on the techniques and technologies of using pressurization to allow planes to fly higher. This film has been digitized because it has a high level of Vinegar Syndrome (chemical deterioration). That condition will prevent any captured images from being 100% perfect. Our goal is to present the content of the film in a digital format that is as good and the least distracting as possible.,,Films@UM,,1961,,1901-2000,,,,,,,,Nonprint Media Services,,,,,,moving image,analog,Nonfiction film,16mm,,,,,,,optical,,,,,,Black and white,Vinegar Syndrome,Viewed.Missing 2 sec blank/black/color bars at beginning & end. Sparkles & edge white spots throughout may be native artifacts. LS // significant temporal outlier pixels between frames 3954-4209 (00:02:44.915-00:02:55.550); otherwise looks fine (ESC),,,,,,,,,,,,,,,,,,,31430031349170,,Access restricted to patrons at the University of Maryland.
UMAM,,,UMAM,31430031349170,Good,Crawford,dc,12/12/14,,,,,,,,,,,,,,,,,,,,,,,,,,,,,,,,,,,,,,,,,,,,,,,,,,,,,,,,,,,,http://streamer.lib.umd.edu/ssdcms/i.do?u=27ff020e9a02451,lms-026100-0001,00:23:57,00:23:57,,,,,,31430031349170,2014-12-12,Access restricted to patrons at the University of Maryland.
UMDM,,UMDM,,31430031349212,,,,,,,,The Air Rescue Service,,,,,,,,"Defines the role and global mission of the Air Rescue Service, part of the U.S. Air Force's Military Air Transport Service. This film has been digitized because it has a high level of Vinegar Syndrome (chemical deterioration). That condition will prevent any captured images from being 100% perfect. Our goal is to present the content of the film in a digital format that is as good and the least distracting as possible.",,Films@UM,,1950,,1901-2000,,,,,,,,Nonprint Media Services,,,,,,moving image,analog,Nonfiction film,16mm,,,,,,,optical,,,,,,Color,Vinegar Syndrome,Viewed. Missing 2 sec blank/black/color bars at beginning & end.  Scratches/abrasions/sparkles are probably native artifacts. LS // temporal outlier pixels and pixels too bright or dark for broadcast range are inherent to film (ESC),,,,,,,,,,,,,,,,,,,31430031349212,,Access restricted to patrons at the University of Maryland.
UMAM,,,UMAM,31430031349212,Animation Good  (Color Faded to red) / Red fade minimized with color grade,Crawford,jy,12/10/14,,,,,,,,,,,,,,,,,,,,,,,,,,,,,,,,,,,,,,,,,,,,,,,,,,,,,,,,,,,,http://streamer.lib.umd.edu/ssdcms/i.do?u=7b677483941b4c0,lms-026131-0001,00:08:37,00:08:37,,,,,,31430031349212,2014-12-10,Access restricted to patrons at the University of Maryland.
UMDM,,UMDM,,31430031349659,,,,,,,,Cape Kennedy 1965,,,,,,,,"Reviews major events at Cape Kennedy in 1965, including progress made on the Polaris, Ranger, Saturn-Pegasus, Apollo, and Titan III projects. The film also focuses on the five Gemini space flights made that year. This film has been digitized because it has a high level of Vinegar Syndrome (chemical deterioration). That condition will prevent any captured images from being 100% perfect. Our goal is to present the content of the film in a digital format that is as good and the least distracting as possible.",,Films@UM,,1965,,1901-2000,,,,,,,,Nonprint Media Services,,,,,,moving image,analog,Nonfiction film,16mm,,,,,,,optical,,,,,,Color,Vinegar Syndrome,Viewed. Missing 2 sec blank/black/color bars at beginning & end. Scratches/cut-throughs/sparkles are probably native artifacts. Film date 1965. LS // significant temporal outlier pixels between frames 2384-2503 (00:01:39.433-00:01:44.396); significant vertical scratch between frames 938-21757 (00:00:39.122-00:15:07.448) is native artifact,,,,,,,,,,,,,,,,,,,31430031349659,,Access restricted to patrons at the University of Maryland.
UMAM,,,UMAM,31430031349659,Good  (Color Faded to red) / Red fade minimized with color grade,Crawford,dc,12/12/14,,,,,,,,,,,,,,,,,,,,,,,,,,,,,,,,,,,,,,,,,,,,,,,,,,,,,,,,,,,,http://streamer.lib.umd.edu/ssdcms/i.do?u=d48b0e410c28427,lms-026109-0001,00:27:39,00:27:39,,,,,,31430031349659,2014-12-12,Access restricted to patrons at the University of Maryland.
UMDM,,UMDM,,31430033630353,,,,,,,,The Golden fish,,,,,,,,A film without narration or dialogue which presents the story of a little boy who wins a goldfish in a game of chance and takes it home to become a friend of his canary. This film has been digitized because it has a high level of Vinegar Syndrome (chemical deterioration). That condition will prevent any captured images from being 100% perfect. Our goal is to present the content of the film in a digital format that is as good and the least distracting as possible.,,Films@UM,,1961,,1901-2000,,,,,,,,Nonprint Media Services,,,,,,moving image,analog,Fiction film,16mm,,,,,,,optical,,,,,,Color,Vinegar Syndrome,Viewed. Missing 2 sec blank/black/color bars at beginning & end.  Scratches/abrasions/cut-throughs/sparkles are probably native artifacts. LS // temporal outlier pixels and pixels too bright or dark for broadcast range are inherent to film (ESC),,,,,,,,,,,,,,,,,,,31430033630353,,Access restricted to patrons at the University of Maryland.
UMAM,,,UMAM,31430033630353,Poor- SLIGHTLY SHRUNK-several splices throughout reel (Color Faded to red) / Red fade minimized with color grade,Crawford,dc,12/12/14,,,,,,,,,,,,,,,,,,,,,,,,,,,,,,,,,,,,,,,,,,,,,,,,,,,,,,,,,,,,http://streamer.lib.umd.edu/ssdcms/i.do?u=d6003f2de5e14d3,lms-026139-0001,00:18:40,00:18:40,,,,,,31430033630353,2014-12-12,Access restricted to patrons at the University of Maryland.
UMDM,,UMDM,,31430033632920,,,,,,,,The Bridge,,,,,,,,This film describes the economies of South American countries and their need for improved trade agreements and markets for their goods. This film proposes that this could be accomplished by improving the roads and railroads and utilizing air power to increase production and trade with other countries. This film has been digitized because it has a high level of Vinegar Syndrome (chemical deterioration). That condition will prevent any captured images from being 100% perfect. Our goal is to present the content of the film in a digital format that is as good and the least distracting as possible.,,Films@UM,,1959,,1901-2000,,,,,,,,Nonprint Media Services,,,,,,moving image,analog,Nonfiction film,16mm,,,,,,,optical,,,,,,Black and white,Vinegar Syndrome,Viewed. Missing 2 sec blank/black/color bars at beginning & end.  Scratches/abrasions/sparkles are probably native artifacts. LS // film is jumpy throughout; temporal outlier pixels and pixels too bright or dark for broadcast range are inherent to film (ESC),,,,,,,,,,,,,,,,,,,31430033632920,,Access restricted to patrons at the University of Maryland.
UMAM,,,UMAM,31430033632920,Average - Several splices first 150' and last 50' of reel,Crawford,jy,12/10/14,,,,,,,,,,,,,,,,,,,,,,,,,,,,,,,,,,,,,,,,,,,,,,,,,,,,,,,,,,,,http://streamer.lib.umd.edu/ssdcms/i.do?u=a45d0fc50ceb476,lms-026133-0001,00:29:21,00:29:21,,,,,,31430033632920,2014-12-10,Access restricted to patrons at the University of Maryland.
UMDM,,UMDM,,31430033633209,,,,,,,,24 hours of progress,,,,,,,,This film describes various aspects of the petroleum industry in the United States and shows how petroleum products are part of our everyday lives. This film has been digitized because it has a high level of Vinegar Syndrome (chemical deterioration). That condition will prevent any captured images from being 100% perfect. Our goal is to present the content of the film in a digital format that is as good and the least distracting as possible.,,Films@UM,,1950,,1901-2000,,,,,,,,Nonprint Media Services,,,,,,moving image,analog,Nonfiction film,16mm,,,,,,,optical,,,,,,Black and white,Vinegar Syndrome,Viewed. Missing 2 sec blank/black/color bars at beginning & end. LS // looks fine (ESC),,,,,,,,,,,,,,,,,,,31430033633209,,Access restricted to patrons at the University of Maryland.
UMAM,,,UMAM,31430033633209,Good,Crawford,jy,12/10/14,,,,,,,,,,,,,,,,,,,,,,,,,,,,,,,,,,,,,,,,,,,,,,,,,,,,,,,,,,,,http://streamer.lib.umd.edu/ssdcms/i.do?u=50f56c6c039a4da,lms-026097-0001,00:28:46,00:28:46,,,,,,31430033633209,2014-12-10,Access restricted to patrons at the University of Maryland.
UMDM,,UMDM,,31430033633852,,,,,,,,The Eagle's talon,,,,,,,,This film describes the military build-up of American defense forces during the Kennedy administration. It emphasizes the need for the U.S. to be ready for any military threat and describes weapons developed for this purpose. This film has been digitized because it has a high level of Vinegar Syndrome (chemical deterioration). That condition will prevent any captured images from being 100% perfect. Our goal is to present the content of the film in a digital format that is as good and the least distracting as possible.,,Films@UM,,1962,,1901-2000,,,,,,,,Nonprint Media Services,,,,,,moving image,analog,Nonfiction film,16mm,,,,,,,optical,,,,,,Color,Vinegar Syndrome,Viewed. Missing 2 sec blank/black/color bars at beginning & end.  Scratches/abrasions/sparkles are probably native artifacts. LS // temporal outlier pixels are inherent to film (ESC),,,,,,,,,,,,,,,,,,,31430033633852,,Access restricted to patrons at the University of Maryland.
UMAM,,,UMAM,31430033633852,Good  (Color Faded to red) / Red fade minimized with color grade,Crawford,dc,12/16/14,,,,,,,,,,,,,,,,,,,,,,,,,,,,,,,,,,,,,,,,,,,,,,,,,,,,,,,,,,,,http://streamer.lib.umd.edu/ssdcms/i.do?u=c8eadf02eedc471,lms-026138-0001,00:24:41,00:24:41,,,,,,31430033633852,2014-12-16,Access restricted to patrons at the University of Maryland.
UMDM,,UMDM,,31430033633993,,,,,,,,Communism,,,,,,,,This film describes the beginnings of Communism in Eastern Europe and then tells how it spread to the United States. It describes the various ways communists try to influence Americans and warns them to avoid this threat. This film has been digitized because it has a high level of Vinegar Syndrome (chemical deterioration). That condition will prevent any captured images from being 100% perfect. Our goal is to present the content of the film in a digital format that is as good and the least distracting as possible.,,Films@UM,,1950,,1901-2000,,,,,,,,Nonprint Media Services,,,,,,moving image,analog,Nonfiction film,16mm,,,,,,,optical,,,,,,Black and white,Vinegar Syndrome,Viewed. Missing 2 sec blank/black/color bars at beginning & end.  Scratches/cut-throughs/sparkles are probably native artifacts. No date on film but catalog record says 1950. LS // content begins immediately; significant temporal outlier pixels between frames 11442-11509 (00:07:57.227-00:08:00.021) (ESC),,,,,,,,,,,,,,,,,,,31430033633993,,Access restricted to patrons at the University of Maryland.
UMAM,,,UMAM,31430033633993,Average - Several splices throughout reel,Crawford,jy,12/10/14,,,,,,,,,,,,,,,,,,,,,,,,,,,,,,,,,,,,,,,,,,,,,,,,,,,,,,,,,,,,http://streamer.lib.umd.edu/ssdcms/i.do?u=6d3ada5675fa452,lms-026113-0001,00:29:08,00:29:08,,,,,,31430033633993,2014-12-10,Access restricted to patrons at the University of Maryland.
UMDM,,UMDM,,31430033636525,,,,,,,,Ground support on high,,,,,,,,"Describes the multi-functional fighter plane, the F105-D, which is used for deterrent and strike capability by the Tactical Air Command. The film emphasizes this planes' ability to support ground maneuvers under adverse conditions. This film has been digitized because it has a high level of Vinegar Syndrome (chemical deterioration). That condition will prevent any captured images from being 100% perfect. Our goal is to present the content of the film in a digital format that is as good and the least distracting as possible.",,Films@UM,,1962,,1901-2000,,,,,,,,Nonprint Media Services,,,,,,moving image,analog,Nonfiction film,16mm,,,,,,,optical,,,,,,Color,Vinegar Syndrome,"Viewed. Missing 2 sec blank/black/color bars at beginning & end.  Scratches/cut-throughs/sparkles are mostly native artifacts. Top frame lines obvious in first couple of minutes of transfer. Film date is 1962, not 1950. LS // temporal outlier pixels and pixels too dark for broadcast range are inherent to film (ESC)",,,,,,,,,,,,,,,,,,,31430033636525,,Access restricted to patrons at the University of Maryland.
UMAM,,,UMAM,31430033636525,Good  (Color Faded to red) / Red fade minimized with color grade,Crawford,jy,12/11/14,,,,,,,,,,,,,,,,,,,,,,,,,,,,,,,,,,,,,,,,,,,,,,,,,,,,,,,,,,,,http://streamer.lib.umd.edu/ssdcms/i.do?u=e91fa82265d0405,lms-026121-0001,00:28:07,00:28:07,,,,,,31430033636525,2014-12-11,Access restricted to patrons at the University of Maryland.
UMDM,,UMDM,,31430033636780,,,,,,,,Helicopter mountain operations,,,,,,,,This film demonstrates techniques and procedures for the safe piloting of helicopters in mountainous areas. This film has been digitized because it has a high level of Vinegar Syndrome (chemical deterioration). That condition will prevent any captured images from being 100% perfect. Our goal is to present the content of the film in a digital format that is as good and the least distracting as possible.,,Films@UM,,1958,,1901-2000,,,,,,,,Nonprint Media Services,,,,,,moving image,analog,Nonfiction film,16mm,,,,,,,optical,,,,,,Color,Vinegar Syndrome,Viewed. Missing 2 sec blank/black/color bars at beginning & end.  Slight scratches/abrasions/sparkles are probably native artifacts. LS // temporal outlier pixels and pixels too bright or dark for broadcast range are inherent to film (ESC),,,,,,,,,,,,,,,,,,,31430033636780,,Access restricted to patrons at the University of Maryland.
UMAM,,,UMAM,31430033636780,Good  (Color Faded to red) / Red fade minimized with color grad,Crawford,jy/dc,12/11/14,,,,,,,,,,,,,,,,,,,,,,,,,,,,,,,,,,,,,,,,,,,,,,,,,,,,,,,,,,,,http://streamer.lib.umd.edu/ssdcms/i.do?u=def8813a7ddd434,lms-026126-0001,00:24:44,00:24:44,,,,,,31430033636780,2014-12-11,Access restricted to patrons at the University of Maryland.
UMDM,,UMDM,,31430033636798,,,,,,,,Helicopter arctic operations,,,,,,,,This film demonstrates techniques and procedures necessary for safe helicopter operations in the Arctic. This film has been digitized because it has a high level of Vinegar Syndrome (chemical deterioration). That condition will prevent any captured images from being 100% perfect. Our goal is to present the content of the film in a digital format that is as good and the least distracting as possible.,,Films@UM,,1958,,1901-2000,,,,,,,,Nonprint Media Services,,,,,,moving image,analog,Nonfiction film,16mm,,,,,,,optical,,,,,,Color,Vinegar Syndrome,Viewed. Missing 2 sec blank/black/color bars at beginning & end.  Scratches/abrasions/sparkles are probably native artifacts. Ls Sound: Ambient hiss throughout. Film date on screen is 1958. LS // temporal outlier pixels and pixels too bright or dark for broadcast range are inherent to film (ESC),,,,,,,,,,,,,,,,,,,31430033636798,,Access restricted to patrons at the University of Maryland.
UMAM,,,UMAM,31430033636798,Good  (Color Faded to red) / Red fade minimized with color grade,Crawford,jy/dc,12/11/14,,,,,,,,,,,,,,,,,,,,,,,,,,,,,,,,,,,,,,,,,,,,,,,,,,,,,,,,,,,,http://streamer.lib.umd.edu/ssdcms/i.do?u=94372b45adaa496,lms-026125-0001,00:27:48,00:27:48,,,,,,31430033636798,2014-12-11,Access restricted to patrons at the University of Maryland.
UMDM,,UMDM,,31430033639982,,,,,,,,Aleutian skywatch,,,,,,,,"Tells the story of the Aleutian Dewline, a network of radar defense outposts stretching across the Aleutian Islands operated by the U.S. Air Force. This film has been digitized because it has a high level of Vinegar Syndrome (chemical deterioration). That condition will prevent any captured images from being 100% perfect. Our goal is to present the content of the film in a digital format that is as good and the least distracting as possible.",,Films@UM,,1961,,1901-2000,,,,,,,,Nonprint Media Services,,,,,,moving image,analog,Nonfiction film,16mm,,,,,,,optical,,,,,,Color,Vinegar Syndrome,Viewed. Missing 2 sec blank/black/color bars at beginning & end. Top frame line shows frequently throughout. Scratches are probably native artifacts. Film screen date is 1961. LS // significant temporal outlier pixels between frames 14764-15026 (00:10:15.782-00:10:26.709) and 35246-35339 (00:24:30.052-00:24:33.931); missing broadcast range pixels between frames 19577-19772 (00:13:36.524-00:13:44.657); otherwise looks fine (ESC),,,,,,,,,,,,,,,,,,,31430033639982,,Access restricted to patrons at the University of Maryland.
UMAM,,,UMAM,31430033639982,Good  (Color Faded to red) / Red fade minimized with color grade,Crawford,jy/dc,12/11/14,,,,,,,,,,,,,,,,,,,,,,,,,,,,,,,,,,,,,,,,,,,,,,,,,,,,,,,,,,,,http://streamer.lib.umd.edu/ssdcms/i.do?u=01235fa3942c437,lms-026101-0001,00:26:32,00:26:32,,,,,,31430033639982,2014-12-11,Access restricted to patrons at the University of Maryland.
UMDM,,UMDM,,31430037566025,,,,,,,,Combative measures--judo pt. 19,,,,,,,,A five-part series of instructional Films detailing various martial arts offensive and defensive maneuvers for soldiers and airmen. This film has been digitized because it has a high level of Vinegar Syndrome (chemical deterioration). That condition will prevent any captured images from being 100% perfect. Our goal is to present the content of the film in a digital format that is as good and the least distracting as possible.,,Films@UM,,1955,,1901-2000,,,,,,,,Nonprint Media Services,,,,,,moving image,analog,Nonfiction film,16mm,,,,,,,optical,,,,,,Black and white,Vinegar Syndrome,Viewed. Missing 2 sec blank/black/color bars at beginning & end.  Scratches/cut-throughs/sparkles are probably native artifacts. Ls  Sound:Some ambient hiss at times. Film series date 1955. LS // significant temporal outlier pixels from frames 18-212 (00:00:00.751-00:00:08.842); otherwise looks fine (ESC),,,,,,,,,,,,,,,,,,,31430037566025,,Access restricted to patrons at the University of Maryland.
UMAM,,,UMAM,31430037566025,Average - Several splices first 50',Crawford,jy/dc,12/11/14,,,,,,,,,,,,,,,,,,,,,,,,,,,,,,,,,,,,,,,,,,,,,,,,,,,,,,,,,,,,http://streamer.lib.umd.edu/ssdcms/i.do?u=dbbb161a926c46d,lms-026112-0001,00:10:21,00:10:21,,,,,,31430037566025,2014-12-11,Access restricted to patrons at the University of Maryland.
UMDM,,UMDM,,31430037566058,,,,,,,,Combative measures--judo (pt. 16),,,,,,,,A five-part series of instructional Films detailing various martial arts offensive and defensive maneuvers for soldiers and airmen. This film has been digitized because it has a high level of Vinegar Syndrome (chemical deterioration). That condition will prevent any captured images from being 100% perfect. Our goal is to present the content of the film in a digital format that is as good and the least distracting as possible.,,Films@UM,,1955,,1901-2000,,,,,,,,Nonprint Media Services,,,,,,moving image,analog,Nonfiction film,16mm,,,,,,,optical,,,,,,Black and white,Vinegar Syndrome,"Viewed: missing blank two-seconds at beginning and end, otherwise it appears fine (ESC and LS) Ambient high-level sound interference throughout. LS",,,,,,,,,,,,,,,,,,,31430037566058,,Access restricted to patrons at the University of Maryland.
UMAM,,,UMAM,31430037566058,Good,Crawford,jy/dc,12/11/14,,,,,,,,,,,,,,,,,,,,,,,,,,,,,,,,,,,,,,,,,,,,,,,,,,,,,,,,,,,,http://streamer.lib.umd.edu/ssdcms/i.do?u=6c8907456763476,lms-026111-0001,00:07:34,00:07:34,,,,,,31430037566058,2014-12-11,Access restricted to patrons at the University of Maryland.
